#{"t_start": 1783524560.5107722, "env_id": "None"}
r,l,t
-4.9,149,1.940538
-7.4,174,1.995096
3.1,69,2.017203
-0.3,103,2.049313
-2.9,129,2.092614
3.1,69,2.115342
-8.9,189,2.176465
5.4,46,2.191548
3.3,67,2.212465
4.1,59,2.231435
3.6,64,2.252587
-33.3,433,2.402404
1.2,88,2.433294
7.9,21,2.440323
5.5,45,2.455394
1.6,84,2.485519
4.6,54,2.506205
6.6,34,2.518236
6.7,33,2.528446
-3.8,138,2.574364
0.3,97,3.59556
6.1,39,3.614106
3.8,62,3.638731
0.3,97,3.691237
6.9,31,3.705768
6.7,33,3.7198
4.3,57,3.742306
7.9,21,3.750354
4.3,57,3.768972
5.9,41,3.780209
9.1,9,3.783818
6.6,34,3.7944
-1.4,114,3.830874
4.6,54,3.849557
2.3,77,3.873717
7.2,28,3.88125
6.2,38,3.89343
7.2,28,3.903461
5.3,47,3.917734
7.6,24,3.9295
0.7,93,3.958568
6.5,35,3.969591
4.0,60,3.988632
6.9,31,3.999183
5.8,42,4.013322
8.6,14,4.017847
8.0,20,4.023852
5.7,43,4.037895
5.5,45,4.052461
7.5,25,4.060979
2.5,75,4.08494
4.9,51,4.101515
7.3,27,4.109085
7.3,27,4.118113
4.5,55,4.13623
6.2,38,4.148317
7.7,23,4.155354
8.4,16,4.16034
6.9,31,4.170704
0.9,91,4.199306
0.8,92,4.227849
-1.6,116,4.266074
8.0,20,5.331305
8.2,18,5.344326
7.9,21,5.360379
8.7,13,5.368402
7.9,21,5.376432
4.1,59,5.414677
8.6,14,5.426186
5.9,41,5.447223
4.9,51,5.467259
6.6,34,5.480267
4.8,52,5.505425
8.8,12,5.515445
8.7,13,5.524477
6.0,40,5.537512
8.1,19,5.543024
6.3,37,5.554576
7.8,22,5.561574
8.3,17,5.566611
8.9,11,5.570611
5.6,44,5.584254
8.1,19,5.589797
8.8,12,5.59402
5.3,47,5.615212
6.4,36,5.626341
7.1,29,5.644503
5.2,48,5.664274
6.5,35,5.67542
8.4,16,5.680415
7.2,28,5.689071
7.3,27,5.698196
8.3,17,5.702803
8.0,20,5.708427
9.2,8,5.711425
8.2,18,5.717979
5.8,42,5.731016
8.6,14,5.73504
8.1,19,5.741053
6.4,36,5.753201
8.0,20,5.760214
7.6,24,5.768279
7.7,23,5.775724
5.0,50,5.792351
8.0,20,5.798726
9.0,10,5.802712
8.4,16,5.807238
6.7,33,5.818683
7.6,24,5.826731
7.8,22,5.834641
7.0,30,5.844176
7.5,25,5.852716
7.7,23,5.860282
5.8,42,5.873695
6.8,32,5.885267
7.2,28,5.893867
8.2,18,5.90089
7.7,23,5.907956
6.6,34,5.919088
5.2,48,5.93554
8.6,14,5.939535
4.2,58,5.960037
6.6,34,5.971071
7.8,22,5.97965
8.1,19,5.985578
6.9,31,5.996172
8.0,20,6.002706
8.7,13,6.006368
3.6,64,6.027956
3.8,62,6.048055
7.1,29,6.058086
8.1,19,6.064106
8.4,16,6.070113
7.8,22,6.077163
5.2,48,6.092754
6.7,33,7.111379
9.0,10,7.115394
8.4,16,7.120899
9.2,8,7.123909
8.6,14,7.128914
8.6,14,7.133922
8.7,13,7.138926
9.0,10,7.140926
8.9,11,7.145939
9.1,9,7.148938
7.4,26,7.158493
7.5,25,7.174547
7.8,22,7.184562
9.2,8,7.188565
8.7,13,7.193574
8.5,15,7.19963
8.4,16,7.205138
7.3,27,7.216164
7.7,23,7.225181
8.5,15,7.231181
8.6,14,7.236221
8.3,17,7.24323
5.3,47,7.275588
8.3,17,7.285599
6.8,32,7.297241
7.2,28,7.306331
7.2,28,7.31443
8.7,13,7.317945
7.9,21,7.324784
7.9,21,7.330782
8.0,20,7.336877
7.2,28,7.344754
8.9,11,7.348363
9.0,10,7.35147
8.7,13,7.354821
8.2,18,7.359823
8.9,11,7.363085
8.5,15,7.366819
8.4,16,7.370778
7.6,24,7.377863
8.8,12,7.380852
7.2,28,7.388846
8.9,11,7.391556
8.3,17,7.398175
7.3,27,7.406315
8.5,15,7.411215
9.0,10,7.414453
5.6,44,7.428413
8.1,19,7.434128
8.4,16,7.440135
8.8,12,7.444167
8.6,14,7.448273
8.0,20,7.454498
7.6,24,7.463013
8.4,16,7.468522
8.8,12,7.471632
7.7,23,7.479264
7.7,23,7.487554
8.9,11,7.491069
8.6,14,7.496194
8.5,15,7.502515
7.4,26,7.510535
8.4,16,7.516157
8.7,13,7.519777
8.4,16,7.525005
6.7,33,7.540352
7.4,26,7.54859
9.0,10,7.551583
7.4,26,7.55931
7.3,27,7.570351
7.2,28,7.580293
7.8,22,7.58673
8.8,12,7.590337
7.9,21,7.597612
7.7,23,7.604336
8.3,17,7.60923
8.3,17,7.614464
8.1,19,7.620179
7.5,25,7.628455
8.0,20,7.634624
8.4,16,7.639169
8.0,20,7.6462
8.5,15,7.6502
8.3,17,7.656332
7.0,30,7.665367
7.8,22,7.672775
6.5,35,7.683612
8.2,18,7.689627
9.0,10,7.692641
8.3,17,7.698171
8.3,17,7.704204
8.0,20,7.71021
9.0,10,7.713608
7.5,25,7.720765
8.4,16,7.727791
8.8,12,7.730793
8.8,12,7.735886
8.8,12,7.738864
8.9,11,7.742385
8.7,13,7.747911
8.2,18,7.753932
7.9,21,7.760938
8.8,12,7.764966
8.3,17,7.770966
8.1,19,7.776831
8.0,20,7.784863
8.7,13,7.788874
7.8,22,7.796729
9.2,8,7.798728
7.7,23,7.806267
8.7,13,7.812268
9.0,10,7.815296
9.0,10,8.825098
8.7,13,8.831105
9.2,8,8.834136
8.0,20,8.849164
9.0,10,8.857181
8.9,11,8.866225
8.8,12,8.876238
8.8,12,8.886247
8.3,17,8.893303
9.0,10,8.898357
8.7,13,8.90337
9.1,9,8.906387
8.4,16,8.913388
7.6,24,8.924417
8.9,11,8.933429
8.4,16,8.944854
7.0,30,8.963373
8.6,14,8.973803
8.5,15,8.98543
8.7,13,8.991925
8.3,17,9.002477
8.9,11,9.007004
8.6,14,9.012502
8.0,20,9.021661
8.5,15,9.026185
7.8,22,9.03325
7.7,23,9.040277
9.2,8,9.042769
8.3,17,9.047289
8.3,17,9.0533
8.8,12,9.056307
8.5,15,9.061424
9.2,8,9.063437
7.9,21,9.070451
9.2,8,9.072957
8.9,11,9.076477
7.8,22,9.082985
8.6,14,9.087506
8.3,17,9.092534
9.1,9,9.095056
9.1,9,9.098056
8.9,11,9.101055
8.9,11,9.104078
8.0,20,9.110085
8.6,14,9.114103
8.8,12,9.11711
7.5,25,9.124655
8.5,15,9.128655
8.8,12,9.13268
8.7,13,9.136227
9.0,10,9.139227
8.7,13,9.143647
9.1,9,9.146274
8.4,16,9.151269
9.0,10,9.155353
8.0,20,9.162886
8.6,14,9.167423
8.1,19,9.172423
8.6,14,9.177445
9.2,8,9.179446
8.9,11,9.182952
8.1,19,9.188576
8.2,18,9.195126
8.9,11,9.198127
8.7,13,9.202647
9.0,10,9.205511
9.2,8,9.208511
8.8,12,9.212511
8.8,12,9.216549
8.5,15,9.220546
9.1,9,9.224078
9.2,8,9.228085
8.5,15,9.231084
8.8,12,9.236106
8.6,14,9.240108
9.0,10,9.244193
8.5,15,9.249188
8.5,15,9.254258
8.9,11,9.258221
8.9,11,9.261251
8.5,15,9.266705
8.8,12,9.270706
9.0,10,9.274234
9.0,10,9.278216
8.8,12,9.281201
8.7,13,9.286281
9.1,9,9.288263
9.2,8,9.291262
8.9,11,9.295287
8.3,17,9.300299
8.7,13,9.305312
8.7,13,9.309314
8.9,11,9.313322
8.1,19,9.318829
7.9,21,9.326402
8.6,14,9.3304
9.2,8,9.334282
8.8,12,9.337301
8.8,12,9.341288
8.3,17,9.347323
8.1,19,9.353625
8.5,15,9.358248
8.5,15,9.363255
8.6,14,9.367791
7.6,24,9.37482
8.8,12,9.378804
8.7,13,9.383846
8.4,16,9.387843
9.0,10,9.390832
8.7,13,9.395871
8.8,12,9.39987
9.0,10,9.403932
9.0,10,9.40694
9.1,9,9.410174
7.5,25,9.418296
9.2,8,9.421327
8.3,17,9.426905
9.1,9,9.429917
8.6,14,9.434989
9.0,10,9.437989
8.3,17,9.443902
8.9,11,9.4469
8.9,11,9.450899
8.8,12,9.454931
8.8,12,9.458931
8.3,17,9.46496
8.3,17,9.46996
8.9,11,9.474986
9.0,10,9.477988
8.7,13,9.482495
9.0,10,9.486016
9.0,10,9.489016
9.0,10,9.493546
9.0,10,9.497766
7.9,21,9.504306
8.1,19,9.511324
8.3,17,9.516404
8.1,19,9.521404
9.0,10,9.525422
8.8,12,9.528947
8.4,16,9.534007
8.8,12,9.538013
7.4,26,9.546075
7.6,24,9.554162
9.2,8,9.557162
8.5,15,9.561166
8.8,12,9.565259
8.9,11,9.569258
9.0,10,9.573331
