#{"t_start": 1783543244.1347098, "env_id": "None"}
r,l,t
21.6,274,207.856867
14.1,189,208.066953
8.4,21,208.077959
11.0,120,208.131435
10.4,106,208.178321
10.9,106,208.224442
10.8,12,208.2302
10.8,67,208.25834
13.1,29,208.275873
8.6,29,208.293868
13.2,113,208.338743
8.6,74,208.367328
12.7,328,208.484106
13.3,117,208.523227
11.8,57,208.549133
10.8,22,208.556125
11.8,257,208.639659
12.3,107,208.674537
8.2,28,210.300906
12.3,52,210.335915
13.5,50,210.367488
10.1,49,210.408484
20.6,139,210.521306
9.6,14,210.528329
11.2,23,210.538851
13.1,24,210.550889
10.5,30,210.567876
11.1,14,210.577403
10.4,16,210.58542
10.8,42,210.610063
10.0,20,210.619058
11.4,21,210.628073
11.0,10,210.633084
11.0,10,210.637083
12.1,39,210.65365
9.3,47,210.673179
14.7,38,210.689234
11.0,60,210.713607
11.4,26,210.724648
12.2,23,210.73263
11.6,29,210.746299
13.1,39,210.763835
9.0,20,210.771832
14.4,56,210.793067
12.3,32,210.807389
11.1,9,210.812388
10.6,39,210.828432
10.5,25,210.845455
10.1,44,210.877007
13.6,54,210.902004
9.5,20,210.909002
11.7,13,210.913001
11.5,25,210.921001
14.2,118,210.960541
11.1,59,210.979074
15.1,59,210.997611
11.6,34,211.008945
14.1,79,211.033949
10.0,25,211.043474
9.9,26,211.051483
17.2,83,211.080044
11.7,38,211.094041
10.9,101,211.128055
10.8,42,211.140595
11.5,15,211.145613
14.0,30,211.155623
11.1,19,211.162133
11.2,38,211.174159
10.8,52,211.212785
11.8,27,211.229804
12.4,36,211.246325
9.4,46,212.712486
14.8,47,212.754008
11.3,32,212.781518
11.1,19,212.802517
12.4,21,212.824517
11.8,12,212.837521
13.5,25,212.863871
11.9,26,212.880885
10.5,15,212.887886
11.3,12,212.894881
11.3,22,212.90488
10.6,14,212.911879
11.8,32,212.927878
12.6,34,212.943894
10.6,24,212.954423
11.9,16,212.961423
10.2,18,212.969955
9.2,18,212.978977
11.8,22,212.988882
11.0,25,213.002039
10.6,24,213.012038
10.9,11,213.017038
12.5,25,213.032049
11.9,26,213.043038
11.1,19,213.052555
13.5,20,213.060555
12.1,19,213.068073
10.8,47,213.088073
10.7,8,213.091074
11.3,12,213.096073
9.0,15,213.101874
12.4,21,213.110874
11.3,12,213.115875
9.3,42,213.131875
8.1,29,213.142882
10.4,16,213.148882
12.2,18,213.156399
11.7,13,213.161412
12.0,20,213.168972
10.9,31,213.179958
12.4,61,213.202957
10.5,10,213.205958
13.2,23,213.214958
10.6,34,213.227958
12.0,55,213.246965
10.9,16,213.25348
11.1,34,213.265502
12.5,20,213.273501
13.6,24,213.281501
11.3,22,213.289501
12.1,19,213.295501
12.1,19,213.302502
15.1,44,213.317501
11.2,18,213.323501
11.1,39,213.337508
12.5,35,213.349509
9.1,54,213.373614
11.4,26,213.383644
12.7,18,213.388612
11.0,20,213.395646
11.2,28,213.406627
10.7,18,213.417626
12.2,13,213.423612
10.3,17,213.431629
12.4,21,213.43864
12.1,24,213.445644
7.6,34,213.464699
9.5,35,213.482799
8.6,34,213.502795
14.9,41,213.517792
12.3,32,213.5307
10.9,21,213.5448
10.3,32,213.560428
8.9,21,213.573954
9.1,14,213.580472
12.8,57,213.597469
18.9,106,213.627469
10.0,15,215.13141
13.9,26,215.161951
12.4,11,215.17446
12.4,16,215.18446
11.6,9,215.18946
11.2,13,215.199464
11.4,11,215.206467
12.4,11,215.214466
12.4,26,215.232466
12.6,19,215.248801
11.0,10,215.255802
11.5,15,215.265852
11.4,11,215.276371
10.8,12,215.290371
12.2,28,215.322374
12.6,14,215.330385
11.0,30,215.34641
10.1,9,215.351413
12.2,28,215.367529
9.7,8,215.371525
12.1,14,215.38252
11.3,17,215.394027
10.1,19,215.409665
10.8,12,215.41566
10.6,14,215.42366
12.3,17,215.43366
9.8,17,215.442894
12.6,24,215.454921
11.0,30,215.471992
11.1,14,215.479356
10.2,23,215.490756
9.7,23,215.501748
10.2,23,215.513753
11.6,14,215.519751
9.8,12,215.525753
11.3,12,215.531751
9.7,8,215.534753
11.7,28,215.548762
10.5,20,215.558758
12.2,13,215.564276
9.7,18,215.573811
11.7,18,215.584124
10.2,13,215.591139
11.0,10,215.597138
9.4,21,215.608128
10.0,25,215.619122
11.8,22,215.63012
8.9,36,215.647127
11.5,10,215.65114
11.0,10,215.655143
11.6,14,215.661139
11.9,26,215.6719
10.4,11,215.676907
12.0,20,215.684913
10.7,13,215.689921
9.9,11,215.693913
10.4,11,215.699742
11.8,12,215.703743
11.4,21,215.714174
11.8,12,215.720258
12.6,24,215.735353
11.9,16,215.741352
13.6,19,215.748362
12.8,12,215.753363
11.7,23,215.762362
11.5,20,215.769408
11.7,18,215.777407
12.1,14,215.782407
12.0,10,215.786408
10.7,13,215.791407
10.7,8,215.794408
10.2,8,215.796408
12.3,17,215.803407
12.2,23,215.811407
11.4,21,215.819927
11.3,17,215.825926
11.9,11,215.829926
11.6,14,215.835067
11.0,15,215.841067
12.7,18,215.848079
14.3,32,215.859079
12.8,27,215.872112
9.7,13,215.876112
9.8,22,215.884259
10.9,11,215.888241
10.6,9,215.892258
11.3,32,215.903245
10.9,16,215.90924
10.8,37,215.925194
12.1,14,215.931212
11.4,16,215.941369
13.2,13,215.948383
9.8,12,215.95443
10.5,15,215.961428
12.3,12,215.969621
10.8,17,215.977732
13.1,19,215.984728
10.8,22,215.991343
10.3,12,215.995344
15.2,28,216.004344
9.6,29,216.014251
10.5,10,216.017864
11.3,12,216.021861
10.7,8,216.024867
11.6,14,216.03387
12.5,20,216.045867
10.5,20,216.053877
13.8,22,216.060876
9.4,21,216.067131
11.7,18,216.076129
11.5,15,216.087368
9.9,11,216.092365
10.4,11,216.097453
11.7,18,216.108453
9.8,12,216.116455
10.4,26,216.129369
10.5,10,216.13537
10.3,17,216.148453
12.1,19,216.160555
11.2,18,216.167885
13.4,16,217.693546
10.7,8,217.702546
12.4,21,217.725546
16.7,38,217.75855
12.7,13,217.773567
12.5,15,217.789567
10.2,18,217.808573
12.6,14,217.823567
12.5,15,217.839567
13.9,16,217.855571
13.7,23,217.881099
13.2,18,217.894113
14.3,22,217.905118
13.3,17,217.913112
13.6,19,217.921126
11.3,17,217.930113
10.1,9,217.934113
13.1,19,217.942112
16.3,27,217.954255
9.7,8,217.958308
13.2,13,217.964315
11.2,8,217.967861
13.9,26,217.978805
12.0,10,217.983714
11.6,9,217.988709
11.2,13,217.994228
10.6,14,218.00123
13.1,19,218.015256
9.9,11,218.021273
14.2,38,218.038272
11.7,33,218.05127
11.6,14,218.057283
11.1,19,218.067799
11.2,8,218.0718
15.1,24,218.081416
10.5,10,218.085415
12.1,14,218.090416
13.0,15,218.097324
10.5,15,218.102322
11.7,13,218.107324
11.5,10,218.111413
11.8,12,218.116418
10.6,14,218.122419
13.2,23,218.134321
12.0,20,218.142323
12.5,15,218.147324
13.0,15,218.152322
11.3,22,218.160519
11.2,13,218.165519
12.4,16,218.175557
13.5,20,218.184671
11.6,9,218.18967
12.1,14,218.19467
14.0,15,218.19967
14.0,15,218.205677
11.2,8,218.208674
13.9,16,218.214674
12.8,12,218.218674
18.7,33,218.230673
12.5,20,218.237674
16.2,28,218.246673
13.8,17,218.25368
18.1,39,218.266696
16.1,24,218.275775
10.2,13,218.281774
11.4,11,218.290141
11.5,15,218.298142
11.5,15,218.308136
13.9,31,218.325126
12.6,14,218.331225
11.1,14,218.338226
11.2,8,218.343222
11.5,10,218.350143
12.9,16,218.360217
10.8,17,218.366244
11.4,16,218.372766
10.9,11,218.376285
14.7,33,218.385284
13.7,18,218.393383
14.1,29,218.403286
11.6,19,218.41229
11.4,11,218.416289
10.2,13,218.421287
10.6,9,218.42438
11.1,9,218.427384
12.2,18,218.438626
9.3,17,218.457765
11.3,12,218.464764
11.5,10,218.469301
11.5,15,218.477077
11.9,16,218.487995
12.2,23,218.503985
11.7,23,218.517294
10.9,11,218.526871
12.9,16,218.538408
14.2,18,218.547893
11.8,12,218.551889
16.7,33,218.561893
12.1,19,218.566892
13.7,18,218.57241
13.6,19,218.58257
11.0,10,218.586569
11.0,10,218.590568
11.9,21,218.597568
17.4,36,218.607568
13.3,17,218.612569
10.0,10,218.615568
12.6,14,218.619569
14.9,21,218.625566
13.2,18,218.630565
12.9,21,218.63657
19.2,38,218.648565
16.0,35,218.658573
10.7,8,218.660572
10.9,16,218.665571
11.4,21,218.672085
10.4,11,218.675086
11.7,13,218.6796
